track,artist,artistcount,streams,bpm,keynote,energy,release_date
Seven (feat. Latto) (Explicit Ver.),"Latto, Jung Kook",2,141381703,125,B,83,14-07-2023
LALA,Myke Towers,1,133716286,92,C#,74,23-03-2023
vampire,Olivia Rodrigo,1,140003974,138,F,53,30-06-2023
Cruel Summer,Taylor Swift,1,800840817,170,A,72,23-08-2019
WHERE SHE GOES,Bad Bunny,1,303236322,144,A,80,18-05-2023
Sprinter,"Dave, Central Cee",2,183706234,141,C#,58,01-06-2023
Ella Baila Sola,"Eslabon Armado, Peso Pluma",2,725980112,148,F,76,16-03-2023
Columbia,Quevedo,1,58149378,100,F,71,07-07-2023
fukumean,Gunna,1,95217315,130,C#,62,15-05-2023
La Bebe - Remix,"Peso Pluma, Yng Lvcas",2,553634067,170,D,48,17-03-2023
un x100to,"Bad Bunny, Grupo Frontera",2,505671438,83,F#,72,17-04-2023
Super Shy,NewJeans,1,58255150,150,F,82,07-07-2023
Flowers,Miley Cyrus,1,1316855716,118,,68,12-01-2023
Daylight,David Kushner,1,387570742,130,D,43,14-04-2023
As It Was,Harry Styles,1,2513188493,174,F#,73,31-03-2022
Kill Bill,SZA,1,1163093654,89,G#,73,08-12-2022
Cupid - Twin Ver.,Fifty Fifty,1,496795686,120,B,59,24-02-2023
"What Was I Made For? [From The Motion Picture ""Barbie""]",Billie Eilish,1,30546883,78,,9,13-07-2023
Classy 101,"Feid, Young Miko",2,335222234,100,B,66,31-03-2023
Like Crazy,Jimin,1,363369738,120,G,73,24-03-2023
LADY GAGA,"Gabito Ballesteros, Junior H, Peso Pluma",3,86444842,140,F,74,22-06-2023
I Can See You (Taylorï¿½ï¿½ï¿½s Version) (From The ,Taylor Swift,1,52135248,123,F#,76,07-07-2023
I Wanna Be Yours,Arctic Monkeys,1,1297026226,135,,42,01-01-2013
"Peso Pluma: Bzrp Music Sessions, Vol. 55","Bizarrap, Peso Pluma",2,200647221,133,F,67,31-05-2023
Popular (with Playboi Carti & Madonna) - The Idol Vol. 1 (Music from the HBO Original Series),"The Weeknd, Madonna, Playboi Carti",3,115364561,99,C#,68,02-06-2023
SABOR FRESA,Fuerza Regida,1,78300654,130,G,86,22-06-2023
Calm Down (with Selena Gomez),"Rï¿½ï¿½ma, Selena G",2,899183384,107,B,80,25-03-2022
MOJABI GHOST,"Tainy, Bad Bunny",2,61245289,122,F#,71,29-06-2023
Last Night,Morgan Wallen,1,429829812,204,F#,68,31-01-2023
Dance The Night (From Barbie The Album),Dua Lipa,1,127408954,110,B,85,25-05-2023
Rush,Troye Sivan,1,22581161,126,F,84,13-07-2023
TULUM,"Peso Pluma, Grupo Frontera",2,52294266,168,F#,87,28-06-2023
Creepin',"The Weeknd, 21 Savage, Metro Boomin",3,843957510,98,C#,61,02-12-2022
Anti-Hero,Taylor Swift,1,999748277,97,E,63,21-10-2022
TQG,"Karol G, Shakira",2,618990393,180,E,63,23-02-2023
Los del Espacio,"Big One, Duki, Lit Killah, Maria Becerra, FMK, Rusherking, Emilia, Tiago pzk",8,123122413,120,,68,01-06-2023
Frï¿½ï¿½gil (feat. Grupo Front,"Yahritza Y Su Esencia, Grupo Frontera",2,188933502,150,F#,73,07-04-2023
Blank Space,Taylor Swift,1,1355959075,96,F,68,01-01-2014
Style,Taylor Swift,1,786181836,95,D,79,01-01-2014
TQM,Fuerza Regida,1,176553476,125,F,85,19-05-2023
El Azul,"Junior H, Peso Pluma",2,354495408,144,A,65,10-02-2023
Sunflower - Spider-Man: Into the Spider-Verse,"Post Malone, Swae Lee",2,2808096550,90,D,50,09-10-2018
I'm Good (Blue),"Bebe Rexha, David Guetta",2,1109433169,128,G,97,26-08-2022
See You Again,"Tyler, The Creator, Kali Uchis",3,1047101291,79,F#,56,21-07-2017
Barbie World (with Aqua) [From Barbie The Album],"Nicki Minaj, Aqua, Ice Spice",3,65156199,144,,58,23-06-2023
Angels Like You,Miley Cyrus,1,570515054,122,F,64,27-11-2020
I Ain't Worried,OneRepublic,1,1085685420,140,,81,13-05-2022
Die For You,The Weeknd,1,1647990401,134,C#,52,24-11-2016
Starboy,"The Weeknd, Daft Punk",2,2565529693,186,G,59,21-09-2016
Die For You - Remix,"Ariana Grande, The Weeknd",2,518745108,67,C#,53,24-02-2023
El Cielo,"Feid, Myke Towers, Sky Rompiendo",3,107753850,106,A#,64,02-06-2023
Baby Don't Hurt Me,"David Guetta, Anne-Marie, Coi Leray",3,177740666,128,G,91,06-04-2023
AMARGURA,Karol G,1,153372011,107,F#,70,24-02-2023
(It Goes Like) Nanana - Edit,Peggy Gou,1,57876440,130,G,88,15-06-2023
Another Love,Tom Odell,1,1813673666,123,E,54,15-10-2012
Blinding Lights,The Weeknd,1,3703895074,171,C#,80,29-11-2019
Moonlight,Kali Uchis,1,256483385,137,G,72,24-02-2023
La Bachata,Manuel Turizo,1,1214083358,125,G,68,26-05-2022
S91,Karol G,1,16011326,128,,72,14-07-2023
cardigan,Taylor Swift,1,812019557,130,,58,24-07-2020
Tï¿½ï¿,"dennis, MC Kevin o Chris",2,111947664,130,B,96,04-05-2023
Boy's a liar Pt. 2,"PinkPantheress, Ice Spice",2,156338624,133,F,81,03-02-2023
Left and Right (Feat. Jung Kook of BTS),"Charlie Puth, BTS, Jung Kook",3,720434240,101,D,59,24-06-2022
BESO,"Rauw Alejandro, ROSALï¿½",2,357925728,95,F,64,24-03-2023
Hey Mor,"Ozuna, Feid",2,674072710,98,C#,59,06-10-2022
Yellow,Chris Molitor,1,1755214421,173,B,66,01-01-1999
Karma,Taylor Swift,1,404562836,90,G#,62,21-10-2022
People,Libianca,1,373199958,198,A#,42,02-12-2022
Overdrive,Post Malone,1,14780425,140,C#,73,14-07-2023
Enchanted (Taylor's Version),Taylor Swift,1,39578178,82,G#,53,07-07-2023
BABY HELLO,"Rauw Alejandro, Bizarrap",2,54266102,130,C#,89,23-06-2023
Heat Waves,Glass Animals,1,2557975762,81,B,53,28-06-2020
golden hour,JVKE,1,751134527,94,C#,59,15-07-2022
Sweater Weather,The Neighbourhood,1,2282771485,124,A#,81,14-05-2012
"Quevedo: Bzrp Music Sessions, Vol. 52","Bizarrap, Quevedo",2,1356565093,128,D,78,06-07-2022
Viva La Vida,Coldplay,1,1592909789,138,F,62,01-01-2008
Here With Me,d4vd,1,635412045,132,E,48,17-07-2022
Unholy (feat. Kim Petras),"Sam Smith, Kim Petras",2,1230675890,131,D,47,22-09-2022
Yandel 150,"Yandel, Feid",2,585695368,168,F#,73,20-12-2022
CORAZï¿½ï¿½N VA,Maria Becerra,1,43857627,98,C#,79,22-06-2023
Riptide,Vance Joy,1,2009094673,102,C#,73,01-01-1975
Until I Found You (with Em Beihold) - Em Beihold Version,"Em Beihold, Stephen Sanchez",2,600976848,101,A#,57,22-04-2022
Novidade na ï¿½ï¿,"Mc Livinho, DJ Matt D",2,39709092,130,F,34,23-06-2023
Back To December (Taylor's Version),Taylor Swift,1,39228929,142,D,64,07-07-2023
STAY (with Justin Bieber),"Justin Bieber, The Kid Laroi",2,2665343922,170,C#,76,09-07-2021
El Merengue,"Marshmello, Manuel Turizo",2,223633238,124,G#,68,03-03-2023
Someone You Loved,Lewis Capaldi,1,2887241814,110,C#,41,08-11-2018
Me Porto Bonito,"Chencho Corleone, Bad Bunny",2,1440757818,92,C#,71,06-05-2022
Makeba,Jain,1,165484133,116,D,66,22-06-2015
MONTAGEM - FR PUNK,"Ayparia, unxbected",2,58054811,129,A,82,20-06-2012
Fast Car,Luke Combs,1,157058870,98,G#,60,24-03-2023
What It Is (Solo Version),Doechii,1,95131998,172,C#,76,17-03-2023
Coco Chanel,"Bad Bunny, Eladio Carrion",2,250305248,150,D,76,17-03-2023
Donï¿½ï¿½ï¿½t Bl,Taylor Swift,1,685032533,136,A,53,08-11-2017
Still With You,Jung Kook,1,38411956,88,C#,47,05-06-2020
All My Life (feat. J. Cole),"J. Cole, Lil Durk",2,144565150,143,D#,44,12-05-2023
Say Yes To Heaven,Lana Del Rey,1,127567540,100,F#,35,17-03-2023
Snooze,SZA,1,399686758,143,F,55,09-12-2022
Summertime Sadness,Lana Del Rey,1,983637508,112,C#,66,01-01-2011
Take Two,BTS,1,118482347,93,G,59,09-06-2023
Lover,Taylor Swift,1,882831184,206,G,55,01-01-2012
Too Many Nights (feat. Don Toliver & with Future),"Future, Metro Boomin, Don Toliver",3,286400165,88,G,71,02-12-2022
Chemical,Post Malone,1,172825906,170,D,90,14-04-2023
Mockingbird,Eminem,1,1241559043,84,E,67,01-01-2004
New Jeans,NewJeans,1,29562220,134,E,72,07-07-2023
Primera Cita,Carin Leon,1,77309611,158,A#,40,20-04-2022
Cold Heart - PNAU Remix,"Dua Lipa, Elton John, Pnau",3,1605224506,116,C#,80,10-11-2017
Dandelions,Ruth B.,1,1116995633,117,C#,69,28-04-2017
Bones,Imagine Dragons,1,838079900,114,F,72,11-03-2021
Set Fire to the Rain,Adele,1,1163620694,108,D,68,01-01-2011
Money Trees,"Kendrick Lamar, Jay Rock",2,1093605526,144,E,53,01-01-2012
Tak Segampang Itu,Anggi Marito,1,179659294,130,F,44,02-12-2022
LAGUNAS,"Jasiel Nuï¿½ï¿½ez, Peso P",2,39058561,116,B,62,22-06-2023
Mine (Taylor's Version),Taylor Swift,1,36912123,121,G,78,07-07-2023
Everybody Wants To Rule The World,Tears For Fears,1,1205951614,112,G,81,17-02-1985
No Role Modelz,J. Cole,1,1791000570,100,A#,52,09-12-2014
Tattoo,Loreen,1,201660859,150,D#,78,25-02-2023
Rara Vez,"Taiu, Milo j",2,248088961,120,F,71,08-02-2023
VAGABUNDO,"Sebastian Yatra, Manuel Turizo, Beï¿½ï",3,90839753,127,B,85,12-05-2023
august,Taylor Swift,1,607123776,90,F,61,24-07-2020
LUNA,"Junior H, Peso Pluma",2,55842345,128,A,63,22-06-2023
Miracle (with Ellie Goulding),"Calvin Harris, Ellie Goulding",2,211050784,143,A,87,10-03-2023
Nonsense,Sabrina Carpenter,1,342897938,139,G#,68,15-07-2022
Que Vuelvas,"Carin Leon, Grupo Frontera",2,2762,162,A#,64,09-12-2022
Por las Noches,Peso Pluma,1,330346424,92,,60,11-06-2021
Feliz Cumpleaï¿½ï¿½os Fe,Feid,1,601863821,95,F,55,19-08-2022
Can't Hold Us (feat. Ray Dalton),"Ray Dalton, Ryan Lewis, Macklemore",3,1953533826,146,D,93,16-08-2011
Watermelon Sugar,Harry Styles,1,2322580122,95,,82,17-11-2019
lovely - Bonus Track,"Billie Eilish, Khalid",2,2355719893,115,E,30,11-08-2017
"Rauw Alejandro: Bzrp Music Sessions, Vol. 56","Rauw Alejandro, Bizarrap",2,66902503,128,B,65,21-06-2023
Queencard,(G)I-DLE,1,96273746,130,E,83,15-05-2023
OMG,NewJeans,1,430977451,127,A,77,02-01-2023
Radio,Lana Del Rey,1,284819874,150,D,86,01-01-2011
"Shakira: Bzrp Music Sessions, Vol. 53","Shakira, Bizarrap",2,721975598,122,D,63,11-01-2023
505,Arctic Monkeys,1,1217120710,140,,85,20-04-2007
"Calling (Spider-Man: Across the Spider-Verse) (Metro Boomin & Swae Lee, NAV, feat. A Boogie Wit da Hoodie)","Swae Lee, A Boogie Wit da Hoodie, Metro Boomin, NAV",4,109276132,140,,54,02-06-2023
Trance (with Travis Scott & Young Thug),"Travis Scott, Young Thug, Metro Boomin",3,276259178,119,C#,53,02-12-2022
"Tere Vaaste (From ""Zara Hatke Zara Bachke"")","Sachin-Jigar, Shadab Faridi, Altamash Faridi, Amitabh Bhattacharya, Varun Jain",5,54225632,110,G,72,22-05-2023
Perfect,Ed Sheeran,1,2559529074,95,G#,45,01-01-2017
Romantic Homicide,d4vd,1,681583126,132,F#,55,20-07-2022
Believer,Imagine Dragons,1,2594040133,125,A#,78,31-01-2017
Novo Balanï¿½,"Veigh, Bvga Beatz, Supernova Ent, Prod Malax",4,81102253,124,D#,50,19-05-2023
"Gol Bolinha, Gol Quadrado 2","Mc Pedrinho, DJ 900",2,11956641,133,B,65,01-06-2023
Without Me,Eminem,1,1687664027,112,G,66,01-01-2002
QUEMA,"Sog, Ryan Castro, Peso Pluma",3,11599388,97,,89,13-07-2023
Stargirl Interlude,"The Weeknd, Lana Del Rey",2,611700552,90,F,48,24-11-2016
Ojitos Lindos,"Bomba Estï¿½ï¿½reo, Bad B",2,1133865788,80,D#,69,06-05-2022
Somewhere Only We Know,Keane,1,1089402494,172,A,59,01-01-2004
Those Eyes,New West,1,411747614,120,E,35,10-05-2019
El Gordo Trae El Mando,Chino Pacas,1,255932395,140,G,80,27-01-2023
Mi Bello Angel,Natanael Cano,1,31873544,128,A,77,30-06-2023
Bye,Peso Pluma,1,95053634,122,,81,26-05-2023
Danza Kuduro,"Don Omar, Lucenzo",2,1279434863,130,,92,01-01-2010
Nosso Quadro,"Ana Castela, AgroPlay",2,233801632,160,A,71,02-02-2023
Locked Out Of Heaven,Bruno Mars,1,1481349984,144,F,70,05-12-2012
Un Finde | CROSSOVER #2,"Big One, FMK, Ke personajes",3,142095275,192,B,52,04-04-2023
Jimmy Cooks (feat. 21 Savage),"Drake, 21 Savage",2,618885532,163,,67,17-06-2022
Counting Stars,OneRepublic,1,2011464183,122,C#,71,01-01-2013
Ghost,Justin Bieber,1,1167330737,154,D,74,19-03-2021
Under The Influence,Chris Brown,1,929964809,117,A,69,04-10-2019
PRC,"Natanael Cano, Peso Pluma",2,436027885,138,G,83,23-01-2023
Gasolina,Daddy Yankee,1,657723613,96,,80,13-07-2004
One Dance,"Drake, WizKid, Kyla",3,2713922350,104,C#,63,04-04-2016
Enchanted,Taylor Swift,1,621660989,164,G#,62,01-01-2010
Save Your Tears,The Weeknd,1,1591223784,118,,82,20-03-2020
Sure Thing,Miguel,1,950906471,81,B,60,25-05-2010
Every Breath You Take - Remastered 2003,The Police,1,1593270737,117,C#,45,06-01-1983
The Night We Met,Lord Huron,1,1410088830,174,D,37,02-02-2015
We Found Love,"Rihanna, Calvin Harris",2,1235005533,128,C#,77,01-01-2011
When I Was Your Man,Bruno Mars,1,1661187319,145,,27,05-12-2012
Let Me Down Slowly,Alec Benjamin,1,1374581173,150,C#,55,25-05-2018
"Am I Dreaming (Metro Boomin & A$AP Rocky, Roisee)","A$AP Rocky, Metro Boomin, Roisee",3,94186466,90,A,53,02-06-2023
Do I Wanna Know?,Arctic Monkeys,1,1788326445,85,F,53,01-01-2013
Demons,Imagine Dragons,1,1840364617,180,D#,71,01-01-2012
ýýýýýýýýýýýý,YOASOBI,1,143573775,166,C#,94,12-04-2023
Reminder,The Weeknd,1,684675814,160,G#,50,25-11-2016
Shake It Off,Taylor Swift,1,1113838873,160,G,80,01-01-2014
Why'd You Only Call Me When You're High?,Arctic Monkeys,1,1267333350,92,D,63,01-01-2013
SNAP,Rosa Linn,1,726307468,170,,64,19-03-2022
Shape of You,Ed Sheeran,1,3562543890,96,C#,65,06-01-2017
Night Changes,One Direction,1,1131090940,120,G#,52,17-11-2014
Fin de Semana,"Oscar Maydon, Junior H",2,307370144,98,,54,13-01-2023
Creep,Radiohead,1,1271293243,92,G,34,21-09-1992
Car's Outside,James Arthur,1,265882712,150,A,56,18-10-2019
Apocalypse,Cigarettes After Sex,1,841749534,94,F,47,21-03-2017
Cheques,Shubh,1,47956378,90,E,63,19-05-2023
Pink + White,Frank Ocean,1,806397070,160,A,55,20-08-2016
Circles,Post Malone,1,2132335812,120,,75,30-08-2019
Just The Way You Are,Bruno Mars,1,1641426668,109,F,85,01-01-2010
Take Me To Church,Hozier,1,2135158446,129,E,66,13-09-2013
Bebe Dame,"Fuerza Regida, Grupo Frontera",2,367316268,157,G,60,16-12-2022
You Belong With Me (Taylorï¿½ï¿½ï¿½s Ve,Taylor Swift,1,350381515,130,F#,73,09-04-2021
Titi Me Preguntï¿,Bad Bunny,1,1264310836,107,F,72,06-05-2022
Better Than Revenge (Taylor's Version),Taylor Swift,1,30343206,146,B,89,07-07-2023
Shut up My Moms Calling,Hotel Ugly,1,405136812,139,A,41,10-02-2020
Have You Ever Seen The Rain?,Creedence Clearwater Revival,1,1145727611,116,,70,01-07-1968
Es un Secreto,Plan B,1,540654286,95,F#,77,20-07-2010
POLARIS - Remix,"Feid, Mora, Saiko, Quevedo",4,57312735,170,G#,80,08-06-2023
Ditto,NewJeans,1,397582059,134,F#,64,19-12-2022
Take On Me,a-ha,1,1479115056,84,F#,90,19-10-1984
"Annihilate (Spider-Man: Across the Spider-Verse) (Metro Boomin & Swae Lee, Lil Wayne, Offset)","Swae Lee, Lil Wayne, Offset, Metro Boomin",4,86773632,146,B,48,02-06-2023
"Angel Pt 1 (feat. Jimin of BTS, JVKE & Muni Long)","Kodak Black, NLE Choppa, Muni Long, JVKE, Jimin",5,133753727,74,A#,67,01-05-2023
Acrï¿½ï¿½s,Shakira,1,123124076,144,B,48,11-05-2023
AMG,"Natanael Cano, Gabito Ballesteros, Peso Pluma",3,463564958,136,B,73,24-11-2022
"Phir Aur Kya Chahiye (From ""Zara Hatke Zara Bachke"")","Arijit Singh, Sachin-Jigar, Amitabha Bhattacharya",3,64533040,100,E,55,15-05-2023
S-Class,Stray Kids,1,65496046,105,F,78,02-06-2023
Hits Different,Taylor Swift,1,68616963,106,F,78,26-05-2023
Chanel,"Becky G, Peso Pluma",2,161460990,132,D,68,30-03-2023
Self Love (Spider-Man: Across the Spider-Verse) (Metro Boomin & Coi Leray),"Metro Boomin, Coi Leray",2,70106975,120,A,30,02-06-2023
Area Codes,"Kaliii, Kaliii",2,113509496,155,C#,39,17-03-2023
Abcdario,"Junior H, Eden Muï¿½ï",2,89933133,129,G#,43,13-05-2023
Obsessed,"Abhijay Sharma, Riar Saab",2,71007139,135,F,74,29-09-2022
Piï¿½ï¿½man Deï¿,"Semicenk, Doï¿½ï¿½u ",2,43522589,98,A#,62,02-06-2023
FLOWER,JISOO,1,232896922,124,A,39,31-03-2023
"All The Way Live (Spider-Man: Across the Spider-Verse) (Metro Boomin & Future, Lil Uzi Vert)","Future, Lil Uzi Vert, Metro Boomin",3,37126685,135,A,55,02-06-2023
Eyes Closed,Ed Sheeran,1,195576623,107,D,53,23-03-2023
Escapism.,"RAYE, 070 Shake",2,532336353,96,D,74,12-10-2022
La Jumpa,"Arcangel, Bad Bunny",2,538115192,123,G#,70,30-11-2022
Karma (feat. Ice Spice),"Taylor Swift, Ice Spice",2,46142772,90,G#,62,26-05-2023
Superhero (Heroes & Villains) [with Future & Chris Brown],"Future, Chris Brown, Metro Boomin",3,401036314,117,F,59,02-12-2022
Las Morras,"BLESSD, Peso Pluma",2,127026613,133,A,84,04-04-2023
CHORRITO PA LAS ANIMAS,Feid,1,345031710,96,G#,83,02-12-2022
Ch y la Pizza,"Fuerza Regida, Natanael Cano",2,288101651,149,G#,60,01-12-2022
Snow On The Beach (feat. More Lana Del Rey),"Lana Del Rey, Taylor Swift",2,60350538,110,F#,40,26-05-2023
Players,Coi Leray,1,335074782,105,F#,52,30-11-2022
Bite Me,ENHYPEN,1,76767396,105,C#,78,22-05-2023
Stand By Me (feat. Morgan Wallen),"Lil Durk, Morgan Wallen",2,46065667,134,B,58,26-05-2023
Normal,Feid,1,459276435,170,E,56,08-07-2022
Hummingbird (Metro Boomin & James Blake),"James Blake, Metro Boomin",2,39666245,81,F#,60,02-06-2023
Seu Brilho Sumiu - Ao Vivo,"Israel & Rodolffo, Mari Fernandez",2,138517666,154,F#,92,01-03-2023
Bad Habit,Steve Lacy,1,822633917,169,C#,51,29-06-2022
CUFF IT,Beyoncï¿,1,595900742,115,G,69,29-07-2022
Lilith (feat. SUGA of BTS) (Diablo IV Anthem),"Halsey, Suga",2,51985779,84,A,74,05-06-2023
69,"Nicky Jam, Feid",2,57945987,93,G#,62,18-05-2023
Niï¿½ï¿½a Bo,"Sean Paul, Feid",2,115010040,91,G,62,21-04-2023
Search & Rescue,Drake,1,175097833,142,A#,44,07-04-2023
AMERICA HAS A PROBLEM (feat. Kendrick Lamar),"Kendrick Lamar, Beyoncï¿",2,57089066,126,C#,70,19-05-2023
Lavender Haze,Taylor Swift,1,488386797,97,A#,44,21-10-2022
"Link Up (Metro Boomin & Don Toliver, Wizkid feat. BEAM & Toian) - Spider-Verse Remix (Spider-Man: Across the Spider-Verse )","WizKid, Toian, Metro Boomin, Don Toliver, Beam",5,32761689,101,F,51,02-06-2023
Efecto,Bad Bunny,1,1047480053,98,G,48,06-05-2022
Erro Gostoso - Ao Vivo,Simone Mendes,1,153454328,154,F#,89,27-01-2023
Cupido,Tini,1,217672943,120,A,58,14-02-2023
Just Wanna Rock,Lil Uzi Vert,1,457184829,150,B,55,17-10-2022
Unstoppable,Sia,1,939844851,174,A,78,21-01-2016
Until I Found You,Stephen Sanchez,1,726434358,202,A#,51,01-09-2021
Rich Flex,"Drake, 21 Savage",2,573633020,153,B,52,04-11-2022
Easy On Me,Adele,1,1406111294,142,F,37,14-10-2021
Cartï¿½ï¿½o B,"MC Caverinha, KayBlack",2,71573339,108,A,47,11-05-2023
Danger (Spider) (Offset & JID),"Offset, JID",2,24975653,143,B,69,02-06-2023
Oi Balde - Ao Vivo,Zï¿½ï¿½ Neto & Crist,1,145458418,108,D,67,14-02-2023
The Real Slim Shady,Eminem,1,1424589568,104,F,66,01-01-2000
MERCHO,"Migrantes, LiL CaKe, Nico Valdi",3,231332117,93,F#,79,16-12-2022
The Color Violet,Tory Lanez,1,415932686,105,F#,53,10-12-2021
Glimpse of Us,Joji,1,988515741,170,G#,32,10-06-2022
Mejor Que Yo,"Mambo Kingz, DJ Luian, Anuel Aa",3,50847624,178,C#,66,04-05-2023
Curtains,Ed Sheeran,1,39893489,176,F#,76,05-05-2023
UNFORGIVEN (feat. Nile Rodgers),"Nile Rodgers, LE SSERAFIM",2,92035115,104,E,88,01-05-2023
Haegeum,Agust D,1,118810253,85,G,84,21-04-2023
Conexï¿½ï¿½es de Mï¿½ï¿½fia (feat. Rich ,"Rich The Kid, Matuï¿",2,77233241,117,F#,58,30-04-2023
MIENTRAS ME CURO DEL CORA,Karol G,1,206399629,80,,48,24-02-2023
Never Felt So Alone,Labrinth,1,117747907,98,F,41,07-04-2023
X SI VOLVEMOS,"Karol G, Romeo Santos",2,266624541,178,C#,78,02-02-2023
ceilings,Lizzy McAlpine,1,293186992,148,A,33,08-04-2022
Cupid,Fifty Fifty,1,139681964,120,D,66,24-02-2023
I AM,IVE,1,123132751,122,E,88,10-04-2023
Cupid ï¿½ï¿½ï¿½ Twin Ver. (FIFTY FIFTY) ï¿½ï¿½ï¿½ Spe,sped up 8282,1,103762518,144,F,73,01-01-1997
Shorty Party,"Cartel De Santa, La Kelly",2,162887075,96,D,47,04-03-2023
Super,SEVENTEEN,1,91221625,137,G#,88,24-04-2023
Slut Me Out,NLE Choppa,1,190490915,121,F#,61,22-04-2022
Double Fantasy (with Future),"The Weeknd, Future",2,96180277,119,A,57,21-04-2023
All Of The Girls You Loved Before,Taylor Swift,1,185240616,96,D,47,23-08-2019
PROVENZA,Karol G,1,885093467,111,C#,52,21-04-2022
Princess Diana (with Nicki Minaj),"Nicki Minaj, Ice Spice",2,104992946,148,A,68,14-04-2023
Di Que Si,"Grupo Marca Registrada, Grupo Frontera",2,147290338,182,A,59,03-02-2023
Shivers,Ed Sheeran,1,1302184087,141,D,86,09-09-2021
Igualito a Mi Apï¿,"Fuerza Regida, Peso Pluma",2,158950978,145,E,81,30-12-2022
Shoong! (feat. LISA of BLACKPINK),"TAEYANG, Lisa",2,76910644,110,B,70,25-04-2023
Komang,Raim Laode,1,137123880,134,G,41,16-08-2022
DESPECHï¿,ROSALï¿½,1,782369383,130,G,62,28-07-2022
Made You Look,Meghan Trainor,1,502574952,145,A#,53,21-10-2022
Watch This - ARIZONATEARS Pluggnb Remix,"sped up nightcore, ARIZONATEARS, Lil Uzi Vert",3,207033255,130,B,90,05-02-2023
No Se Va,Grupo Frontera,1,404887295,173,,53,28-04-2022
Punto G,Quevedo,1,381161027,92,B,76,04-11-2022
Lovers Rock,TV Girl,1,466231982,105,F,87,05-06-2014
METAMORPHOSIS,INTERWORLD,1,357580552,175,G,64,25-11-2021
Mami Chula,"Quevedo, Jhayco",2,61105704,120,G,70,27-04-2023
En Paris,"El Chachito, Junior H",2,198275403,139,D#,48,24-12-2022
Set Me Free Pt.2,Jimin,1,168448603,132,,82,17-03-2023
I Was Never There,"The Weeknd, Gesaffelstein",2,705469769,114,A#,74,29-03-2018
Don't ever say love me (feat. RM of BTS),"RM, Colde",2,34502215,145,B,48,04-05-2023
Shut Down,BLACKPINK,1,482175240,110,,69,16-09-2022
Gato de Noche,"Nengo Flow, Bad Bunny",2,304118600,94,G#,66,22-12-2022
Call Out My Name,The Weeknd,1,1449799467,134,C#,60,29-03-2018
Like Crazy (English Version),Jimin,1,173627354,120,G,76,24-03-2023
Rosa Pastel,"Jasiel Nuï¿½ï¿½ez, Peso P",2,90025258,123,G,68,02-02-2023
Sunroof,"Nicky Youre, Dazy",2,652704649,131,A#,71,03-12-2021
Lose Yourself - Soundtrack Version,Eminem,1,1829992958,171,D,73,01-01-2002
Superman,"Eminem, Dina Rae",2,655466831,130,E,76,26-05-2002
Mas Rica Que Ayer,"Mambo Kingz, DJ Luian, Anuel Aa",3,146409671,94,B,67,02-03-2023
People Pt.2 (feat. IU),"IU, Agust D",2,95816024,89,G,57,07-04-2023
REMIX EXCLUSIVO,Feid,1,117206995,87,F,56,17-03-2023
"Arcï¿½ï¿½ngel: Bzrp Music Sessions, Vol","Arcangel, Bizarrap",2,100409613,124,B,78,22-03-2023
DOGTOOTH,"Tyler, The Creator",2,80758350,78,G#,65,27-03-2023
10:35,"Tiï¿½ï¿½sto, Tate M",2,325592432,120,G#,79,01-11-2022
SORRY NOT SORRY,"Tyler, The Creator",2,58473276,96,F#,80,31-03-2023
HAPPY,NF,1,52722996,106,G,86,25-03-2023
La Bebe,Yng Lvcas,1,191945597,170,D,46,24-12-2021
I Know - PR1SVX Edit,"Kanii, PR1ISVX",2,77377503,134,B,76,24-03-2023
Late Night Talking,Harry Styles,1,743693613,115,A#,73,20-05-2022
Leï¿½,Marï¿½ï¿½lia Mendo,1,267789608,130,F#,87,09-12-2022
Save Your Tears (with Ariana Grande) (Remix),"Ariana Grande, The Weeknd",2,1221813483,118,,79,20-03-2020
Something in the Orange,Zach Bryan,1,449701773,110,G,38,22-04-2022
VOID,Melanie Martinez,1,67070410,100,A,66,29-03-2023
Dijeron Que No La Iba Lograr,"Fuerza Regida, Chino Pacas",2,116334601,142,G,79,14-03-2023
Midnight Rain,Taylor Swift,1,433356509,140,,37,21-10-2022
If We Ever Broke Up,Mae Stephens,1,165584767,116,G,73,10-02-2023
You Proof,Morgan Wallen,1,367814306,120,A,85,13-05-2022
LA INOCENTE,"Feid, Mora",2,477033549,92,F,79,01-04-2022
Malas Decisiones,Kenia OS,1,156214700,110,G#,79,26-10-2022
Murder In My Mind,Kordhell,1,448843705,120,A#,97,21-01-2022
Gangsta's Paradise,"Coolio, L.V.",2,1357608774,80,G#,61,11-07-1995
CAIRO,"Karol G, Ovy On The Drums",2,294352144,115,F,69,13-11-2022
I Love You So,The Walters,1,972164968,76,A#,67,28-11-2014
Dark Red,Steve Lacy,1,920045682,172,F#,78,20-02-2017
Say You Won't Let Go,James Arthur,1,2420461338,99,A#,56,09-09-2016
The Hills,The Weeknd,1,1947371785,136,,57,27-05-2015
Heart To Heart,Mac DeMarco,1,244658767,150,G#,14,10-05-2019
Peaches (from The Super Mario Bros. Movie),Jack Black,1,68216992,92,A#,31,07-04-2023
Marisola - Remix,"Duki, NICKI NICOLE, Cris Mj, Standly, Stars Music Chile",5,223582566,95,C#,87,15-12-2022
LOKERA,"Brray, Rauw Alejandro, Lyanno",3,471819764,102,B,83,25-07-2022
Low,SZA,1,272377463,145,,55,09-12-2022
Numb,Linkin Park,1,1361425037,110,A,86,24-03-2003
Tormenta (feat. Bad Bunny),"Gorillaz, Bad Bunny",2,149778242,95,,77,24-02-2023
on the street (with J. Cole),"j-hope, J. Cole",2,116599790,94,B,82,03-03-2023
One Thing At A Time,Morgan Wallen,1,148469433,142,G,91,02-12-2022
Miss You,"Robin Schulz, Oliver Tree",2,497225336,145,F#,74,05-08-2022
Ainï¿½ï¿½ï¿½t Tha,Morgan Wallen,1,88791109,121,F#,80,03-03-2023
Thinkinï¿½ï¿½ï¿½ B,Morgan Wallen,1,125917280,140,D#,76,03-03-2023
Private Landing (feat. Justin Bieber & Future),"Don Toliver, Future, Justin Bieber",3,105062254,137,C#,67,23-02-2023
Everything I Love,Morgan Wallen,1,95623148,104,G#,85,31-01-2023
Heaven,Niall Horan,1,144584800,92,F,76,17-02-2023
LET GO,Central Cee,1,298063749,146,D,45,15-12-2022
Sial,Mahalini,1,166570053,120,D,43,23-01-2023
I Wrote The Book,Morgan Wallen,1,83021468,144,D,81,31-01-2023
"Apna Bana Le (From ""Bhediya"")","Arijit Singh, Sachin-Jigar",2,139836056,94,A,56,05-11-2022
SPIT IN MY FACE!,ThxSoMch,1,303216294,94,G#,79,31-10-2022
PLAYA DEL INGLï¿½,"Myke Towers, Quevedo",2,221409663,113,G,74,15-12-2022
Man Made A Bar (feat. Eric Church),"Morgan Wallen, Eric Church",2,58890931,148,E,76,03-03-2023
Red Ruby Da Sleeze,Nicki Minaj,1,81419389,98,C#,73,03-03-2023
Kahani Suno 2.0,Kaifi Khalil,1,156777415,140,B,38,31-05-2022
Nobody Gets Me,SZA,1,284908316,100,G,28,09-12-2022
PERO Tï¿,"Karol G, Quevedo",2,93438910,140,F#,79,23-02-2023
Hype Boy,NewJeans,1,363472647,100,E,94,01-08-2022
Bloody Mary,Lady Gaga,1,372476382,100,A,65,01-01-2011
Monotonï¿½,"Ozuna, Shakira",2,380726517,132,,70,19-10-2022
ýýý98 Braves,Morgan Wallen,1,56533272,142,D,67,03-03-2023
WANDA,Quevedo,1,175399345,176,E,63,20-01-2023
Thought You Should Know,Morgan Wallen,1,203221468,140,F#,70,06-05-2022
In The End,Linkin Park,1,1624165576,105,D#,90,24-10-2000
Zona De Perigo,Leo Santana,1,134294498,135,F,77,08-12-2022
Lovezinho,Treyce,1,70069745,128,E,59,28-07-2022
I Like You (A Happier Song) (with Doja Cat),"Post Malone, Doja Cat",2,609293408,101,F,69,03-06-2022
Neverita,Bad Bunny,1,671365962,122,A#,50,06-05-2022
Vista Al Mar,Quevedo,1,362361576,105,,56,08-09-2022
Sem Alianï¿½ï¿½a no ,"MC Xenon, Os Gemeos da Putaria",2,93587665,83,C#,36,23-12-2022
Enemy (with JID) - from the series Arcane League of Legends,"Imagine Dragons, League of Legends, JID, Arcane",4,1223481149,77,B,76,03-09-2021
Revenge,XXXTENTACION,1,1022258230,140,B,25,25-08-2017
Bombonzinho - Ao Vivo,"Israel & Rodolffo, Ana Castela",2,263453310,158,C#,95,03-11-2022
LA CANCIï¿½,"J Balvin, Bad Bunny",2,1435127549,176,G,65,28-06-2019
Quï¿½ï¿½ Ago,"Yuridia, Angela Aguilar",2,236857112,98,B,57,20-10-2022
Love Again,The Kid Laroi,1,147538971,107,B,40,27-01-2023
After Hours,The Weeknd,1,698086140,109,F,57,19-02-2020
About Damn Time,Lizzo,1,723894473,109,A#,74,15-07-2022
Born With A Beer In My Hand,Morgan Wallen,1,34450974,148,,81,03-03-2023
ýýýýýýýýýýýýýýýýýýýýý,Fujii Kaze,1,403097450,158,F#,76,20-05-2020
Besos Moja2,"Wisin & Yandel, ROSALï¿½",2,309483971,94,F,73,29-09-2022
Maan Meri Jaan,King,1,319566866,96,F#,51,12-10-2022
Moscow Mule,Bad Bunny,1,909001996,100,F,67,06-05-2022
My Universe,"Coldplay, BTS",2,1061966512,105,A,68,24-09-2021
Devil Donï¿½ï¿½ï¿½,Morgan Wallen,1,32526947,125,,66,03-03-2023
LLYLM,ROSALï¿½,1,124988687,170,F#,63,27-01-2023
I'm Not Here To Make Friends,"Sam Smith, Calvin Harris, Jessie Reyez",3,103787664,115,,90,27-01-2023
TRUSTFALL,P!nk,1,134255790,122,G#,89,27-01-2023
ANTIFRAGILE,LE SSERAFIM,1,301051721,105,A#,80,17-10-2022
Boy's a liar,PinkPantheress,1,156338624,133,F,84,30-11-2022
VIBE (feat. Jimin of BTS),"TAEYANG, Jimin",2,152850295,100,,68,13-01-2023
Shirt,SZA,1,309653982,120,D#,45,28-10-2022
Lift Me Up - From Black Panther: Wakanda Forever - Music From and Inspired By,Rihanna,1,297328960,177,A,30,28-10-2022
STAR WALKIN' (League of Legends Worlds Anthem),Lil Nas X,1,332506354,142,D,72,22-09-2022
"Sex, Drugs, Etc.",Beach Weather,1,480507035,144,E,84,04-11-2016
Boy With Luv (feat. Halsey),"Halsey, BTS",2,1065580332,120,B,86,12-04-2019
"Hey, Mickey!",Baby Tate,1,122763672,135,D,51,27-09-2016
Calm Down,Rï¿½ï,1,445763624,107,B,78,09-02-2022
Jhoome Jo Pathaan,"Arijit Singh, Vishal Dadlani, Sukriti Kakar, Vishal-Shekhar, Shekhar Ravjiani, Kumaar",6,1365184,105,G,74,22-12-2022
Escapism. - Sped Up,"RAYE, 070 Shake",2,184308753,108,F#,77,25-11-2022
Space Song,Beach House,1,789753877,147,,79,01-01-2015
Dreamers [Music from the FIFA World Cup Qatar 2022 Official Soundtrack],"BTS, Jung Kook, FIFA Sound",3,323358833,115,,88,20-11-2022
Te Felicito,"Shakira, Rauw Alejandro",2,606361689,174,F,64,21-04-2022
Muï¿½ï¿½,"Steve Aoki, Tini, La Joaqui",3,120972253,90,A#,71,12-01-2023
TV,Billie Eilish,1,338564981,141,E,25,21-07-2022
I'm Not The Only One,Sam Smith,1,1606986953,82,F,49,01-01-2014
Heather,Conan Gray,1,1301799902,92,F,43,20-03-2020
"Besharam Rang (From ""Pathaan"")","Vishal-Shekhar, Shilpa Rao, Caralisa Monteiro, Kumaar, Vishal Dadlani, Shekhar Ravjiani",6,140187018,116,G#,80,12-12-2022
One Kiss (with Dua Lipa),"Calvin Harris, Dua Lipa",2,1897517891,124,A,86,02-06-2017
Sugar Rush Ride,TOMORROW X TOGETHER,1,107642809,125,A#,89,27-01-2023
Pink Venom,BLACKPINK,1,551305895,90,,69,19-08-2022
WAIT FOR U (feat. Drake & Tems),"Drake, Future, Tems",3,556585270,83,C#,64,27-04-2022
Don't Start Now,Dua Lipa,1,2303033973,124,B,79,31-10-2019
After Dark,Mr.Kitty,1,646886885,140,G#,60,08-08-2014
Eu Gosto Assim - Ao Vivo,"Gustavo Mioto, Mari Fernandez",2,222612678,154,,91,16-09-2022
INDUSTRY BABY (feat. Jack Harlow),"Jack Harlow, Lil Nas X",2,1814349763,150,D#,70,23-07-2021
MIDDLE OF THE NIGHT,Elley Duhï¿,1,872137015,186,E,61,10-01-2020
Atlantis,Seafret,1,571386359,166,G#,48,22-04-2015
PUNTO 40,"Baby Rasta, Rauw Alejandro",2,304079786,107,,83,22-09-2022
Evoque Prata,"DJ Escobar, MC MENOR SG, MC MENOR HR",3,174006928,87,G,52,09-09-2022
How Do I Say Goodbye,Dean Lewis,1,284785823,82,G#,64,05-08-2022
Blind,SZA,1,163284000,114,A,28,09-12-2022
Die For You,Joji,1,246390068,148,G#,52,04-11-2022
Doja,Central Cee,1,482257456,140,F#,57,20-07-2022
Gatita,Bellakath,1,168684524,101,G,81,03-10-2022
Rumble,"Skrillex, Flowdan, Fred again..",3,78489819,140,C#,84,17-01-2022
Niagara Falls (Foot or 2) [with Travis Scott & 21 Savage],"Travis Scott, 21 Savage, Metro Boomin",3,195516622,88,G,66,02-12-2022
Yonaguni,Bad Bunny,1,1260594497,180,C#,65,04-06-2021
Super Freaky Girl,Nicki Minaj,1,428685680,133,D,89,12-08-2022
Running Up That Hill (A Deal With God),Kate Bush,1,1024858327,108,A#,55,16-09-1985
Dream On,Aerosmith,1,838586769,80,F,43,05-01-1973
Limbo,Freddie Dredd,1,199386237,75,B,62,11-08-2022
Where Are You Now,"Lost Frequencies, Calum Scott",2,972509632,121,F#,64,30-07-2021
WORTH NOTHING,"Twisted, Oliver Tree",2,213438580,140,D,62,28-09-2022
Bad Habits,Ed Sheeran,1,1555511105,126,B,90,03-09-2020
KICK BACK,Kenshi Yonezu,1,210038833,102,C#,94,12-10-2022
Evergreen (You Didnï¿½ï¿½ï¿½t Deserve Me A,Omar Apollo,1,227918678,82,A,34,08-04-2022
Good Days,SZA,1,826623384,121,C#,78,24-12-2020
Levitating (feat. DaBaby),"Dua Lipa, DaBaby",2,1802514301,103,F#,83,27-03-2020
Woman,Doja Cat,1,1329090101,108,F,76,25-06-2021
Shut up My Moms Calling - (Sped Up),Hotel Ugly,1,181831132,85,F,47,14-09-2022
Ferrari,"James Hype, Miggy Dela Rosa",2,462791599,125,C#,69,14-03-2022
"You're On Your Own, Kid",Taylor Swift,1,348647203,120,D,39,21-10-2022
"Kesariya (From ""Brahmastra"")","Pritam, Arijit Singh, Amitabh Bhattacharya",3,366599607,94,,57,17-07-2022
Agudo Mï¿½ï¿½gi,"Styrx, utku INC, Thezth",3,90598517,130,F#,80,01-01-1930
Payphone,"Maroon 5, Wiz Khalifa",2,1479264469,110,E,74,01-01-2012
All I Want for Christmas Is You,Mariah Carey,1,1449779435,150,G,63,28-10-1994
Last Christmas,Wham!,1,1159176109,107,B,65,01-01-1984
Rockin' Around The Christmas Tree,Brenda Lee,1,769213520,140,G#,41,01-01-1958
Jingle Bell Rock,Bobby Helms,1,741301563,119,D,37,01-01-1957
It's Beginning To Look A Lot Like Christmas,Michael Bublï¿,1,807561936,93,E,23,14-10-2011
Santa Tell Me,Ariana Grande,1,834129063,133,G,63,13-12-2013
It's the Most Wonderful Time of the Year,Andy Williams,1,663832097,202,G,60,14-10-1963
Let It Snow! Let It Snow! Let It Snow!,Dean Martin,1,446390129,134,C#,24,16-11-1959
Snowman,Sia,1,690104769,105,C#,51,01-01-2017
Underneath the Tree,Kelly Clarkson,1,485285717,160,G#,81,25-10-2013
Feliz Navidad,Josï¿½ï¿½ Felic,1,520034544,148,D,82,01-11-1970
Holly Jolly Christmas,Michael Bublï¿,1,476244795,151,G,47,14-10-2011
Mistletoe,Justin Bieber,1,629173063,162,F#,54,01-01-2011
Sleigh Ride,The Ronettes,1,404664135,92,D,77,22-11-1963
Seek & Destroy,SZA,1,98709329,152,C#,65,09-12-2022
Love Language,SZA,1,110849052,65,A,26,09-12-2022
Happy Xmas (War Is Over),"John Lennon, The Harlem Community Choir, The Plastic Ono Band, Yoko Ono",4,460492795,147,D,61,01-12-1971
Used (feat. Don Toliver),"SZA, Don Toliver",2,94005786,150,A#,69,08-12-2022
A Holly Jolly Christmas - Single Version,Burl Ives,1,395591396,140,,36,01-01-1952
The Christmas Song (Merry Christmas To You) - Remastered 1999,Nat King Cole,1,389771964,139,C#,15,01-11-1946
Wonderful Christmastime - Edited Version / Remastered 2011,Paul McCartney,1,403939487,95,B,58,16-11-1979
Do They Know It's Christmas? - 1984 Version,Band Aid,1,481697415,115,,57,25-11-1984
Ghost in the Machine (feat. Phoebe Bridgers),"SZA, Phoebe Bridgers",2,110073250,125,F#,43,09-12-2022
Special,SZA,1,88092256,76,,20,09-12-2022
Merry Christmas Everyone,Shakin' Stevens,1,351636786,101,C#,87,01-01-1984
Let It Snow! Let It Snow! Let It Snow!,"Frank Sinatra, B. Swanson Quartet",2,473248298,143,D,32,01-01-1950
SOS,SZA,1,73981293,119,G,66,09-12-2022
Open Arms (feat. Travis Scott),"SZA, Travis Scott",2,155653938,78,A,59,08-12-2022
White Christmas,"Bing Crosby, John Scott Trotter & His Orchestra, Ken Darby Singers",3,395591396,96,A,25,01-01-1942
Driving Home for Christmas - 2019 Remaster,Chris Rea,1,429504768,180,A,58,01-01-1986
Christmas (Baby Please Come Home),Darlene Love,1,242767149,126,D#,76,22-11-1963
Gone Girl,SZA,1,65362788,150,F,44,09-12-2022
F2F,SZA,1,67540165,90,D,74,09-12-2022
Notice Me,SZA,1,62019074,160,F,68,09-12-2022
Merry Christmas,"Ed Sheeran, Elton John",2,135723538,114,,94,10-11-2017
It's Beginning to Look a Lot Like Christmas (with Mitchell Ayres & His Orchestra),"Perry Como, The Fontane Sisters, Mitchell Ayres & His Orchestra",3,295998468,113,G,32,01-01-1958
My Only Wish (This Year),Britney Spears,1,261116938,147,,72,07-11-2000
Antidepresan,"Mabel Matiz, Mert Demir",2,136689549,100,B,59,04-11-2022
Wild Flower (with youjeen),RM,1,135611421,155,G#,77,02-12-2022
I Hate U,SZA,1,356709897,107,G,39,03-12-2021
Raindrops (Insane) [with Travis Scott],"Travis Scott, Metro Boomin",2,110649992,112,G#,54,02-12-2022
SPIT IN MY FACE!,ThxSoMch,1,301869854,166,C#,57,31-10-2022
Deck The Hall - Remastered 1999,Nat King Cole,1,127027715,107,F#,36,01-01-1959
Smoking on my Ex Pack,SZA,1,57144458,81,G#,68,09-12-2022
Conceited,SZA,1,56870689,150,C#,46,09-12-2022
Snow On The Beach (feat. Lana Del Rey),"Taylor Swift, Lana Del Rey",2,323437194,110,A,32,21-10-2022
Maroon,Taylor Swift,1,317726339,108,G,40,21-10-2022
Tubarï¿½ï¿½o Te,"Dj LK da Escï¿½ï¿½cia, Tchakabum, mc jhenny, M",4,116144341,130,E,74,28-09-2022
Bejeweled,Taylor Swift,1,328207708,164,G,56,21-10-2022
Tarot,"Bad Bunny, Jhay Cortez",2,608228647,114,B,68,06-05-2022
You Make It Feel Like Christmas (feat. Blake Shelton),"Gwen Stefani, Blake Shelton",2,180577478,93,F,88,20-09-2005
Desesperados,"Chencho Corleone, Rauw Alejandro",2,809306935,90,C#,69,25-06-2021
Too Late,SZA,1,49262961,128,B,68,08-12-2022
Party,"Bad Bunny, Rauw Alejandro",2,614555082,97,A,80,06-05-2022
Run Rudolph Run - Single Version,Chuck Berry,1,245350949,152,G,71,01-01-1958
Jingle Bells - Remastered 1999,Frank Sinatra,1,178660459,175,G#,34,01-01-1957
Far,SZA,1,51641685,116,D,55,09-12-2022
On Time (with John Legend),"John Legend, Metro Boomin",2,78139948,80,F,59,02-12-2022
GATï¿½ï¿½,"Maldy, Karol G",2,322336177,93,B,86,25-08-2022
ýýýabcdefu,Gayle,1,1007612429,122,E,54,13-08-2021
Sacrifice,The Weeknd,1,326792833,122,G,79,07-01-2022
Is There Someone Else?,The Weeknd,1,391251368,135,A,58,07-01-2022
Fingers Crossed,"Lauren Spencer Smith, Lauren Spencer Smith, Lauren Spencer Smith",3,349585590,109,F,47,05-01-2022
Out of Time,The Weeknd,1,339659802,93,,74,07-01-2022
Do It To It,"Cherish, ACRAZE",2,674772936,125,B,81,20-08-2021
We Don't Talk About Bruno,"Adassa, Mauro Castillo, Stephanie Beatriz, Encanto - Cast, Rhenzy Feliz, Diane Guerrero, Carolina Gaitan",7,432719968,206,,45,19-11-2021
Pepas,Farruko,1,1309887447,130,G,77,24-06-2021
How Do I Make You Love Me?,The Weeknd,1,119238316,121,G,51,07-01-2022
Gasoline,The Weeknd,1,116903579,123,F#,73,07-01-2022
Infinity,Jaymes Young,1,888046992,122,B,67,23-06-2017
Less Than Zero,The Weeknd,1,200660871,143,,79,07-01-2022
Take My Breath,The Weeknd,1,130655803,121,A#,77,06-08-2021
good 4 u,Olivia Rodrigo,1,1887039593,166,F#,66,14-05-2021
"Here We Goï¿½ï¿½ï¿½ Again (feat. Tyler, the Cr","The Weeknd, Tyler, The Creator",3,88103848,135,C#,64,07-01-2022
Best Friends,The Weeknd,1,101114984,87,E,59,07-01-2022
Kiss Me More (feat. SZA),"SZA, Doja Cat",2,1575467011,111,G#,66,09-04-2021
I Heard You're Married (feat. Lil Wayne),"The Weeknd, Lil Wayne",2,91656026,110,D,84,07-01-2022
Need To Know,Doja Cat,1,1042568408,130,C#,61,11-06-2021
MONTERO (Call Me By Your Name),Lil Nas X,1,1735441776,179,G#,51,18-09-2020
love nwantiti (ah ah ah),Ckay,1,726837877,93,F,73,26-07-2019
Dawn FM,The Weeknd,1,53933526,78,A,49,07-01-2022
Surface Pressure,Jessica Darrow,1,267758538,180,D,58,19-11-2021
Starry Eyes,The Weeknd,1,74601456,86,A,41,07-01-2022
THATS WHAT I WANT,Lil Nas X,1,920797189,88,C#,85,17-09-2021
One Right Now (with The Weeknd),"The Weeknd, Post Malone",2,539595276,97,C#,78,05-11-2021
Beggin,Mï¿½ï¿½ne,1,1367810478,134,B,80,08-12-2017
Mon Amour - Remix,"Aitana, zzoilo",2,578207856,116,D,76,21-09-2020
Lo Siento BB:/ (with Bad Bunny & Julieta Venegas),"Julieta Venegas, Bad Bunny, Tainy",3,775542072,170,E,70,05-10-2021
MONEY,Lisa,1,863625566,140,C#,55,10-09-2021
The Motto,"Tiï¿½ï¿½sto, Ava",2,656013912,118,G,76,04-11-2021
Happier Than Ever,Billie Eilish,1,1056760045,65,,24,30-07-2021
Moth To A Flame (with The Weeknd),"The Weeknd, Swedish House Mafia",2,611994237,120,,67,22-10-2021
traitor,"Juan Cruz Toledo, Huilen Toledo",2,1230855859,176,D#,33,21-05-2021
Toxic,BoyWithUke,1,582981380,180,G#,61,10-09-2021
drivers license,Olivia Rodrigo,1,1858144199,144,A#,43,08-01-2021
Malvadï¿½ï¿,"Xamï¿½ï¿½, Gustah, Neo B",3,240684449,133,F#,61,30-11-2021
All Too Well (10 Minute Version) (Taylor's Version) (From The Vault),Taylor Swift,1,583687007,93,,52,12-11-2021
Donï¿½ï¿½ï¿½t Break My,The Weeknd,1,63803529,122,A#,62,07-01-2022
Oh My God,Adele,1,466214729,88,C#,73,19-11-2021
Entre Nosotros (Remix) [con Nicki Nicole],"Lit Killah, Maria Becerra, Tiago pzk, NICKI NICOLE",4,236940480,170,F,44,05-01-2022
A Tale By Quincy,The Weeknd,1,41924466,94,F,50,07-01-2022
I AM WOMAN,Emmy Meli,1,225259194,170,A#,47,18-11-2021
Medallo,"Justin Quiles, Lenny Tavï¿½ï¿½rez, BL",3,393230256,90,E,70,27-10-2021
It'll Be Okay,Shawn Mendes,1,287201015,78,G,29,01-12-2021
Softcore,The Neighbourhood,1,599770206,94,D,58,09-03-2018
Super Gremlin,Kodak Black,1,342779426,73,D,41,30-10-2021
Volvï¿,"Aventura, Bad Bunny",2,673801126,176,C#,86,03-08-2021
Todo De Ti,Rauw Alejandro,1,1168642797,128,D#,63,02-11-2020
Love Nwantiti - Remix,"Ckay, AX'EL, Dj Yo!",3,540539717,120,G#,60,30-08-2019
Smokin Out The Window,"Bruno Mars, Anderson .Paak, Silk Sonic",3,383550148,82,D,62,05-11-2021
Meet Me At Our Spot,"THE ANXIETY, Willow, Tyler Cole",3,530511203,95,D,47,13-03-2020
Every Angel is Terrifying,The Weeknd,1,37307967,118,,94,07-01-2022
Tacones Rojos,Sebastian Yatra,1,510876816,123,B,86,22-10-2021
Peaches (feat. Daniel Caesar & Giveon),"Justin Bieber, Daniel Caesar, Giveon",3,1445941661,90,,68,19-03-2021
Dakiti,"Bad Bunny, Jhay Cortez",2,1763363713,110,E,57,30-10-2020
"Tiago PZK: Bzrp Music Sessions, Vol. 48","Bizarrap, Tiago pzk",2,374191487,96,C#,82,29-12-2021
Lï¿½ï¿½ï¿,Stromae,1,108809090,88,D,55,09-01-2022
Nostï¿½ï¿½l,"Chris Brown, Rvssian, Rauw Alejandro",3,436695353,98,A,85,08-09-2021
Better Days (NEIKED x Mae Muller x Polo G),"NEIKED, Mae Muller, Polo G",3,421040617,110,,68,24-09-2021
Life Goes On,Oliver Tree,1,501541661,80,,49,17-07-2020
Sad Girlz Luv Money Remix (feat. Kali Uchis),"Kali Uchis, Amaarae, Moliy",3,354065229,110,C#,53,16-09-2021
Butter,BTS,1,1143647827,110,G#,36,21-05-2021
pushin P (feat. Young Thug),"Young Thug, Future, Gunna",3,311395144,78,C#,42,07-01-2022
You Right,"Doja Cat, The Weeknd",2,672656250,129,G#,62,24-06-2021
deja vu,Olivia Rodrigo,1,1256880657,181,A,60,01-04-2021
Dynamite,BTS,1,1692897992,114,F#,77,21-08-2020
TO THE MOON,Jnr Choi,1,245095641,144,D,65,05-11-2021
Lost in the Fire,"The Weeknd, Gesaffelstein",2,686734357,101,D,68,11-01-2019
Salimo de Noche,"Trueno, Tiago pzk",2,261414174,84,D,63,21-10-2021
Volando - Remix,"Sech, Bad Bunny, Mora",3,610045621,154,F#,69,08-07-2021
Leave The Door Open,"Bruno Mars, Anderson .Paak, Silk Sonic",3,1115880852,148,F,62,05-03-2021
Knife Talk (with 21 Savage ft. Project Pat),"Drake, Project Pat, 21 Savage",3,594482982,146,F,37,03-09-2021
Don't Be Shy,"Tiï¿½ï¿½sto, Kar",2,566954746,120,B,79,01-08-2021
Love Grows (Where My Rosemary Goes),Edison Lighthouse,1,566954234,110,A,69,01-01-1970
LA FAMA (with The Weeknd),"The Weeknd, ROSALï¿½",2,374706940,136,,30,11-11-2021
The Family Madrigal,"Olga Merediz, Stephanie Beatriz, Encanto - Cast",3,184937148,141,C#,63,19-11-2021
Phantom Regret by Jim,The Weeknd,1,31959571,108,A,48,07-01-2022
Dos Oruguitas,Sebastian Yatra,1,167076418,94,,36,19-11-2021
Freaks,Surf Curse,1,824420218,180,A,94,10-05-2015
Acapulco,Jason Derulo,1,363467642,122,A#,79,01-09-2021
Daddy Issues,The Neighbourhood,1,1127468248,85,A#,52,30-10-2015
thought i was playing,"21 Savage, Gunna",2,60680939,148,C#,73,07-01-2022
ELEVEN,IVE,1,247737946,120,A,73,01-12-2021
Mood (feat. Iann Dior),"24kgoldn, Iann Dior",2,1699402402,91,G,72,24-07-2020
What Else Can I Do?,"Stephanie Beatriz, Diane Guerrero",2,154797871,120,E,71,19-11-2021
DANCE CRIP,Trueno,1,198883004,106,,79,17-11-2021
Miserable Man,David Kushner,1,124407432,110,A#,35,07-01-2022
happier,Olivia Rodrigo,1,850608354,169,F#,45,21-05-2021
Praise God,Kanye West,1,376333030,118,C#,55,29-08-2021
Get Into It (Yuh),Doja Cat,1,516784627,92,G#,66,25-06-2021
Before You Go,Lewis Capaldi,1,1608045237,112,D#,60,01-11-2019
Sky,Playboi Carti,1,506778838,140,D,91,25-12-2020
Rolling in the Deep,Adele,1,1472799873,105,G#,76,29-11-2010
Sobrio,Maluma,1,513643924,178,F,77,08-07-2021
Peru,"Ed Sheeran, Fireboy DML",2,261286503,108,G,42,23-12-2021
favorite crime,Olivia Rodrigo,1,783706581,173,A,29,21-05-2021
Thunder,"Prezioso, Gabry Ponte, LUM!X",3,422691058,101,C#,90,07-05-2021
The Business,Tiï¿½ï¿,1,1062345656,120,G#,62,01-01-2020
positions,Ariana Grande,1,1252563873,144,,80,23-10-2020
I WANNA BE YOUR SLAVE,Mï¿½ï¿½ne,1,851070493,133,C#,61,19-03-2021
Vai Lï¿½ï¿½ Em Casa ,"Marï¿½ï¿½lia Mendonï¿½ï¿½a, George Henrique &",2,263894529,158,G#,83,22-10-2021
The Feels,TWICE,1,345903614,120,A,90,01-10-2021
HEARTBREAK ANNIVERSARY,Giveon,1,951637566,129,,46,21-02-2020
No Lie,"Sean Paul, Dua Lipa",2,956865266,102,G,89,18-11-2016
OUT OUT (feat. Charli XCX & Saweetie),"Charli XCX, Jax Jones, Joel Corry, Saweetie",4,427486004,124,G#,84,13-08-2021
Pope Is a Rockstar,SALES,1,156658366,90,E,45,20-04-2016
2055,Sleepy hallow,1,624515457,161,F#,52,14-04-2021
Bored,Billie Eilish,1,777765388,120,G,33,30-03-2017
Happier Than Ever - Edit,Billie Eilish,1,412795151,81,,57,28-07-2021
Astronaut In The Ocean,Masked Wolf,1,1138474110,150,E,70,01-01-2019
Ley Seca,"Anuel Aa, Jhay Cortez",2,355219175,105,G#,84,02-09-2021
Every Summertime,NIKI,1,290228626,79,F#,67,10-08-2021
Talking To The Moon,Bruno Mars,1,1062956628,146,C#,61,04-10-2010
you broke me first,Tate McRae,1,1180094974,124,E,37,17-04-2020
The Nights,Avicii,1,1456081449,126,F#,85,01-01-2014
Take My Breath,The Weeknd,1,432702334,121,G#,74,06-08-2021
Way 2 Sexy (with Future & Young Thug),"Drake, Future, Young Thug",3,489945871,136,B,60,03-09-2021
Cï¿½ï¿½,Rauw Alejandro,1,465959382,102,A,63,25-06-2021
Enemy - from the series Arcane League of Legends,"Imagine Dragons, League of Legends, Arcane",3,1223481149,77,G,74,27-10-2021
Dance Monkey,Tones and I,1,2864791672,98,F#,59,10-05-2019
Lucid Dreams,Juice WRLD,1,2288695111,84,B,48,15-06-2017
Quï¿½ï¿½ Mï¿½ï¿,"J Balvin, Maria Becerra",2,720825549,102,G#,82,28-01-2021
All of Me,John Legend,1,2086124197,120,G#,26,01-08-2013
Smells Like Teen Spirit - Remastered 2021,Nirvana,1,1690192927,117,C#,91,10-09-1991
Arcade,Duncan Laurence,1,991336132,72,A,33,07-03-2019
Fair Trade (with Travis Scott),"Drake, Travis Scott",2,593917618,168,C#,47,03-09-2021
Bar,"Tini, L-Gante",2,200972675,94,C#,69,11-11-2021
The Rumbling (TV Size),SiM,1,71014967,145,G#,88,10-01-2022
family ties (with Kendrick Lamar),"Kendrick Lamar, Baby Keem",2,560222750,134,C#,61,27-08-2021
Mr. Brightside,The Killers,1,1806617704,148,C#,93,23-09-2003
Blessed-Cursed,ENHYPEN,1,77337771,127,E,89,10-01-2022
AM Remix,"J Balvin, Nio Garcia, Bad Bunny",3,528544703,172,F#,66,24-06-2021
Streets,Doja Cat,1,865640097,90,B,46,07-11-2019
Shallow,"Lady Gaga, Bradley Cooper",2,2159346687,96,G,40,27-09-2018
Polaroid Love,ENHYPEN,1,211372494,138,G,67,10-01-2022
Leave Before You Love Me (with Jonas Brothers),"Marshmello, Jonas Brothers",2,651732901,120,G,72,28-04-2021
Permission to Dance,BTS,1,608334048,125,A,74,09-07-2021
Friday (feat. Mufasa & Hypeman) - Dopamine Re-Edit,"Riton, Nightcrawlers, Mufasa & Hypeman, Dopamine",4,863756573,123,D,86,15-01-2021
RAPSTAR,Polo G,1,797402345,81,F#,54,09-04-2021
'Till I Collapse,"Eminem, Nate Dogg",2,1695712020,171,C#,85,26-05-2002
Memories,Maroon 5,1,1759567999,91,B,32,20-09-2019
Se Le Ve,"Arcangel, De La Ghetto, Justin Quiles, Lenny Tavï¿½ï¿½rez, Sech, Dalex, Dimelo Flow, Rich Music",8,223319934,84,G,76,12-08-2021
25k jacket (feat. Lil Baby),"Gunna, Lil Baby",2,54937991,115,F,54,07-01-2022
When Iï¿½ï¿½ï¿½m Gone (with Katy ,"Katy Perry, Alesso",2,226897599,125,,89,29-12-2021
Esqueï¿½ï¿½a-Me Se For C,"Marï¿½ï¿½lia Mendonï¿½ï¿½a, Maiara &",2,258316038,122,F#,69,14-10-2021
Miï¿½ï¿½n,"Tini, Maria Becerra",2,596152090,92,D,54,29-04-2021
Sï¿½ï¿½,"Anuel Aa, Myke Towers, Jhay Cortez",3,177129919,90,F#,75,18-11-2021
MAMIII,"Karol G, Becky G",2,716591492,94,E,70,10-02-2022
Still D.R.E.,"Dr. Dre, Snoop Dogg",2,1210599487,93,B,78,01-01-1999
Stay Alive (Prod. SUGA of BTS),Jung Kook,1,246376690,130,D,76,11-02-2022
Boyfriend,Dove Cameron,1,496311364,180,G,61,11-02-2022
The Joker And The Queen (feat. Taylor Swift),"Ed Sheeran, Taylor Swift",2,146789379,134,,31,11-02-2022
The Next Episode,"Dr. Dre, Snoop Dogg",2,843309044,95,D#,89,01-01-1999
Light Switch,Charlie Puth,1,500340342,184,F#,63,19-01-2022
City of Gods,"Kanye West, Alicia Keys, Fivio Foreign",3,107255472,147,G#,80,11-02-2022
Brividi,"Mahmood, Blanco",2,135079152,123,G,60,02-02-2022
Lost,Frank Ocean,1,822239726,123,A#,61,01-01-2012
In Da Club,50 Cent,1,1202722675,90,F#,71,01-01-2002
she's all i wanna be,Tate McRae,1,343197054,160,D,64,04-02-2022
Ginseng Strip 2002,Yung Lean,1,240769997,115,C#,71,16-08-2013
All For Us - from the HBO Original Series Euphoria,"Labrinth, Zendaya",2,426204830,141,D#,67,04-08-2019
Notion,The Rare Occasions,1,421135627,160,A,88,05-08-2016
Formula,Labrinth,1,554875730,145,B,66,04-10-2019
Mount Everest,Labrinth,1,467727006,89,,43,21-06-2019
Excuses,"Intense, AP Dhillon, Gurinder Gill",3,327498031,95,F,72,24-07-2020
Cigarettes,Juice WRLD,1,185408548,160,D,62,10-12-2021
"Cayï¿½ï¿½ La Noche (feat. Cruz Cafunï¿½ï¿½, Abhir Hathi, Bejo, EL IMA)","Quevedo, La Pantera, Juseph, Cruz Cafunï¿½ï¿½, Bï¿½ï¿½jo, Abhir Hathi",7,245400167,174,F,75,14-01-2022
California Love - Original Version (Explicit),"Dr. Dre, 2Pac, Roger",3,579395142,92,G,84,28-12-1995
Forgot About Dre,"Eminem, Dr. Dre",2,675039469,134,G#,74,01-01-1999
Down Under (feat. Colin Hay),"Luude, Colin Hay",2,252871192,172,B,86,19-11-2021
Mujeriego,Ryan Castro,1,231996128,80,A,62,17-12-2021
HUMBLE.,Kendrick Lamar,1,1929770265,150,C#,60,30-03-2017
Stan,"Eminem, Dido",2,918915401,80,F#,74,21-11-1999
Contection,"GODZZ__-, Zakaria",2,1180896317,166,A#,75,16-01-2020
Swim,Chase Atlantic,1,498960285,120,G#,54,04-10-2017
A Tu Merced,Bad Bunny,1,685071800,92,,79,29-02-2020
Numb Little Bug,Em Beihold,1,258714692,85,G#,52,28-01-2022
212,"Mainstreet, Chefin",2,143139338,154,D,52,15-01-2022
Problemï¿½,"Alvaro Diaz, Rauw Alejandro",2,209768491,92,D,74,22-10-2021
Bussin,"Nicki Minaj, Lil Baby",2,64714573,140,B,70,11-02-2022
Worst Day,Future,1,50746620,89,C#,60,11-02-2022
Malvada,Zï¿½ï¿½ Fe,1,154119539,135,F,86,28-01-2022
Hrs and Hrs,Muni Long,1,181328253,140,G#,53,19-11-2021
Alien Blues,Vundabar,1,370068639,82,D#,76,24-07-2015
Thinking Out Loud,Ed Sheeran,1,2280566092,79,D,45,01-01-2014
Still Don't Know My Name,Labrinth,1,563902868,88,F,63,04-10-2019
Christmas Tree,V,1,317622165,139,F,38,24-12-2021
Mal Feito - Ao Vivo,"Marï¿½ï¿½lia Mendonï¿½ï¿½a, Hugo & G",2,291709698,124,,83,14-01-2022
When I R.I.P.,Labrinth,1,203680270,80,G#,55,04-10-2019
Do We Have A Problem?,"Nicki Minaj, Lil Baby",2,81350745,120,C#,51,04-02-2022
Forever,Labrinth,1,282883169,80,E,46,04-10-2019
Gospel (with Eminem),"Eminem, Dr. Dre",2,64787943,117,C#,86,04-02-2022
Seï¿½ï¿½o,"Shawn Mendes, Camila Cabello",2,2484812918,117,A,52,19-06-2019
NEW MAGIC WAND,"Tyler, The Creator",2,461437791,140,F,73,16-05-2019
Adore You,Harry Styles,1,1439191367,99,G#,77,06-12-2019
La Santa,"Daddy Yankee, Bad Bunny",2,759208783,93,C#,87,29-02-2020
Something In The Way - Remastered 2021,Nirvana,1,368646862,106,G#,20,24-09-1991
Sweetest Pie,"Dua Lipa, Megan Thee Stallion",2,299634472,124,G,63,11-03-2022
Bam Bam (feat. Ed Sheeran),"Camila Cabello, Ed Sheeran",2,756907987,95,G#,70,04-03-2022
Una Noche en Medellï¿½,Cris Mj,1,682475162,96,A#,53,21-01-2022
Envolver,Anitta,1,546191065,92,E,73,11-11-2021
Starlight,Dave,1,229473310,124,G,37,03-03-2022
Hati-Hati di Jalan,Tulus,1,202677468,72,F#,44,03-03-2022
"I'm Tired - From ""Euphoria"" An Original HBO Series",Labrinth,1,121913181,71,,20,04-02-2022
DANï¿½ï¿½A,"Mc Pedrinho, Pedro Sampaio",2,208166039,135,A,57,01-02-2022
Yo Voy (feat. Daddy Yankee),Zion & Lennox,1,527033089,95,A#,70,04-05-2004
"Residente: Bzrp Music Sessions, Vol. 49","Residente, Bizarrap",2,94616487,71,C#,74,03-03-2022
Jordan,Ryan Castro,1,394030335,180,A#,68,30-04-2021
Nail Tech,Jack Harlow,1,193443895,150,E,58,18-02-2022
Chale,Eden Muï¿½ï,1,299648208,189,G#,44,18-02-2022
DARARI,Treasure,1,182978249,85,,64,15-02-2022
Ya No Somos Ni Seremos,Christian Nodal,1,319757142,140,G,45,18-02-2022
Thinking with My Dick,"Kevin Gates, Juicy J",2,109091573,81,,70,16-07-2013
Freaky Deaky,"Tyga, Doja Cat",2,153240879,104,D,65,25-02-2022
this is what falling in love feels like,JVKE,1,346127840,129,B,44,03-09-2021
La Zona,Bad Bunny,1,312622938,94,C#,80,29-02-2020
Bohemian Rhapsody - Remastered 2011,Queen,1,2197010679,71,,40,31-10-1975
Hope,XXXTENTACION,1,1200808494,146,A,46,16-03-2018
Levitating,Dua Lipa,1,797196073,103,F#,88,27-03-2020
Wake Me Up - Radio Edit,Avicii,1,1970673297,124,D,78,01-01-2013
"jealousy, jealousy",Olivia Rodrigo,1,665765558,164,A#,58,21-05-2021
Monï¿½ï¿½y so,YEAT,1,263779030,138,D,57,10-09-2021
Demasiadas Mujeres,C. Tangana,1,339473453,126,A,46,08-10-2020
Something Just Like This,"The Chainsmokers, Coldplay",2,2204080728,103,B,65,22-02-2017
Closer,"The Chainsmokers, Halsey",2,2591224264,95,G#,52,31-05-2016
O.O,NMIXX,1,135444283,200,B,77,22-02-2022
Somebody That I Used To Know,"Gotye, Kimbra",2,1457139296,129,,52,01-01-2011
Tom's Diner,"AnnenMayKantereit, Giant Rooks",2,236872197,98,F#,43,28-06-2019
First Class,Jack Harlow,1,694525298,107,G#,56,08-04-2022
Plan A,Paulo Londra,1,240661097,174,,83,23-03-2022
Fuera del mercado,Danny Ocean,1,421365166,92,G#,67,17-02-2022
X ï¿½ï¿½LTIMA,"Daddy Yankee, Bad Bunny",2,349746291,90,G,83,25-03-2022
When You're Gone,Shawn Mendes,1,255120451,147,F,69,31-03-2022
In My Head,Lil Tjay,1,190981339,143,C#,55,01-04-2022
Wait a Minute!,Willow,1,924193303,101,D#,71,11-01-2015
LOVE DIVE,IVE,1,305771063,118,C#,71,05-04-2022
Pantysito,"Feid, Alejo, Robi",3,273005485,98,G,74,18-03-2022
Chance,Paulo Londra,1,89566512,138,C#,46,06-04-2022
Cool for the Summer,Demi Lovato,1,677389855,114,F,62,01-01-2015
psychofreak (feat. WILLOW),"Camila Cabello, Willow",2,75476209,180,G,64,07-04-2022
Angel Baby,Troye Sivan,1,408843328,145,B,57,09-09-2021
Vampiro,"Matuï¿½ï¿½, Wiu, ",3,187772591,115,G#,64,30-01-2022
Si Quieren Frontear,"De La Ghetto, Duki, Quevedo",3,178512385,82,A#,84,31-03-2022
Right On,Lil Baby,1,101780047,166,D,61,08-04-2022
Me Arrepentï¿,"Ak4:20, Cris Mj, Pailita",3,118381354,92,,79,30-03-2022
That's Hilarious,Charlie Puth,1,146363130,108,F#,44,08-04-2022
Soy El Unico,Yahritza Y Su Esencia,1,126443991,84,E,45,25-03-2022
RUMBATï¿½,Daddy Yankee,1,157990698,95,D#,91,25-03-2022
sentaDONA (Remix) s2,"Luï¿½ï¿½sa Sonza, MC Frog, Dj Gabriel do Borel, Davi K",4,176290831,135,D#,45,17-03-2022
Falling,Harry Styles,1,1023187129,110,E,27,13-12-2019
Sigue,"Ed Sheeran, J Balvin",2,106933107,88,G,64,24-11-1996
Fim de Semana no Rio,teto,1,139193812,119,C#,50,30-03-2022
MANIAC,Stray Kids,1,212234990,120,C#,80,18-03-2022
There's Nothing Holdin' Me Back,Shawn Mendes,1,1714490998,122,D,80,23-09-2016
IDGAF (with blackbear),"Blackbear, BoyWithUke",2,197643795,98,F,75,18-03-2022
Golden,Harry Styles,1,807015863,140,E,84,13-12-2019
Get Lucky - Radio Edit,"Pharrell Williams, Nile Rodgers, Daft Punk",3,933815613,116,F#,81,01-01-2013
Ain't Shit,Doja Cat,1,499710590,124,D#,49,25-06-2021
"Nobody Like U - From ""Turning Red""","Jordan Fisher, Josh Levi, Finneas O'Connell, 4*TOWN (From Disney and Pixarï¿½ï¿½ï¿½s Turning Red), Topher Ngo, Grayson Vill",6,120847157,105,A,72,25-02-2022
Still Life,BIGBANG,1,53909146,118,G#,58,05-04-2022
Photograph,Ed Sheeran,1,2236667932,108,E,38,20-06-2014
Love Yourself,Justin Bieber,1,2123309722,100,E,38,09-11-2015
N95,Kendrick Lamar,1,301242089,140,D#,66,13-05-2022
About Damn Time,Lizzo,1,723894473,109,A#,74,14-04-2022
Die Hard,"Kendrick Lamar, Blxst, Amanda Reifer",3,237351106,101,C#,74,13-05-2022
Despuï¿½ï¿½s de la P,Bad Bunny,1,461558540,78,F,90,06-05-2022
Un Ratito,Bad Bunny,1,417230415,93,,55,06-05-2022
United In Grief,Kendrick Lamar,1,156898322,87,G#,83,13-05-2022
Father Time (feat. Sampha),"Kendrick Lamar, Sampha",2,127309180,153,A#,78,13-05-2022
Yo No Soy Celoso,Bad Bunny,1,313113297,142,,59,06-05-2022
Rich Spirit,Kendrick Lamar,1,173702135,96,A#,43,13-05-2022
Cooped Up (with Roddy Ricch),"Post Malone, Roddy Ricch",2,271666301,125,,78,12-05-2022
Me Fui de Vacaciones,Bad Bunny,1,305650299,85,A#,65,06-05-2022
Silent Hill,"Kendrick Lamar, Kodak Black",2,123216717,140,C#,57,13-05-2022
La Corriente,"Tony Dize, Bad Bunny",2,479655659,196,B,79,06-05-2022
Count Me Out,Kendrick Lamar,1,126191104,134,G,43,13-05-2022
Andrea,"Buscabulla, Bad Bunny",2,344055883,103,C#,62,06-05-2022
Dos Mil 16,Bad Bunny,1,338422004,130,C#,67,06-05-2022
We Cry Together,"Kendrick Lamar, Taylour Paige",2,68895644,108,B,69,13-05-2022
Savior,"Kendrick Lamar, Sam Dew, Baby Keem",3,86176890,123,G#,71,13-05-2022
Un Coco,Bad Bunny,1,403231558,152,B,69,06-05-2022
Otro Atardecer,"Bad Bunny, The Marï¿½ï",2,319546754,108,D,60,06-05-2022
Worldwide Steppers,Kendrick Lamar,1,61739839,72,A#,47,13-05-2022
Aguacero,Bad Bunny,1,283359161,121,F#,65,06-05-2022
Purple Hearts,"Kendrick Lamar, Ghostface Killah, Summer Walker",3,76831876,138,D#,82,13-05-2022
Un Verano Sin Ti,Bad Bunny,1,283332261,188,F,50,06-05-2022
ULTRA SOLO,"Polima WestCoast, Pailita",2,307752576,110,C#,85,14-02-2022
Ensï¿½ï¿½ï¿½ï¿½ame ,Bad Bunny,1,279737940,105,G#,79,06-05-2022
El Apagï¿½,Bad Bunny,1,212351890,118,G#,70,06-05-2022
Callaita,"Bad Bunny, Tainy",2,1304313953,176,D,62,31-05-2019
Dua Lipa,Jack Harlow,1,150500965,158,B,65,06-05-2022
Agosto,Bad Bunny,1,246127838,115,C#,58,06-05-2022
House Of Memories,Panic! At The Disco,1,582863434,110,B,82,15-01-2016
Mr. Morale,"Kendrick Lamar, Tanna Leone",2,58687425,174,A,54,13-05-2022
That That (prod. & feat. SUGA of BTS),"PSY, Suga",2,212109195,130,E,96,29-04-2022
In The Stars,Benson Boone,1,382199619,78,A#,54,29-04-2022
Rich - Interlude,Kendrick Lamar,1,41210087,104,G,42,13-05-2022
SUPERMODEL,Mï¿½ï¿½ne,1,231657891,121,G,88,13-05-2022
Stefania (Kalush Orchestra),KALUSH,1,53729194,105,D,82,10-03-2022
Thousand Miles,The Kid Laroi,1,244741137,81,G,66,22-04-2022
Crown,Kendrick Lamar,1,42485571,170,C#,24,13-05-2022
Auntie Diaries,Kendrick Lamar,1,37778188,78,G,38,13-05-2022
PUFFIN ON ZOOTIEZ,Future,1,254218729,125,G#,66,29-04-2022
Mirror,Kendrick Lamar,1,53603447,92,E,65,13-05-2022
Beautiful Girl,Luciano,1,160035717,140,B,42,22-04-2022
"Paulo Londra: Bzrp Music Sessions, Vol. 23","Bizarrap, Paulo Londra",2,164163229,96,,90,25-04-2022
Savior - Interlude,Kendrick Lamar,1,37091576,118,F,43,13-05-2022
Pasoori,"Shae Gill, Ali Sethi",2,284249832,92,B,60,06-02-2022
Mother I Sober (feat. Beth Gibbons of Portishead),"Kendrick Lamar, Beth Gibbons",2,33381454,140,G#,37,13-05-2022
TUS Lï¿½ï¿½GR,"Sech, Mora",2,184622518,174,C#,71,01-04-2022
Where Did You Go?,"MNEK, Jax Jones",2,300983101,127,A#,78,26-01-2022
I Tried to Tell Y'all,"Ugly Dray, Tesla Jnr",2,121077868,96,B,52,06-05-2022
Honest (feat. Don Toliver),"Justin Bieber, Don Toliver",2,106919680,150,G#,66,29-04-2022
ZOOM,Jessi,1,136996305,100,F#,60,13-04-2022
SloMo,Chanel,1,65719930,105,C#,81,24-12-2021
FEARLESS,LE SSERAFIM,1,229497852,104,G,62,02-05-2022
10 Things I Hate About You,Leah Kate,1,185550869,154,G#,79,23-03-2022
SPACE MAN,Sam Ryder,1,54682594,80,B,83,22-02-2022
With you,"HA SUNG WOON, Jimin",2,240580042,150,D#,43,24-04-2022
Iris,The Goo Goo Dolls,1,1284942608,156,B,72,31-03-1998
The Heart Part 5,Kendrick Lamar,1,71423324,98,G#,81,08-05-2022
San Lucas,Kevin Kaarl,1,244891912,92,G,36,07-11-2019
This Love (Taylorï¿½ï¿½ï¿½s Ve,Taylor Swift,1,132171975,144,E,50,06-05-2022
Good Looking,Suki Waterhouse,1,184706613,150,E,56,20-10-2017
Flowers,Lauren Spencer Smith,1,184826429,138,D#,44,09-08-2021
Yet To Come,BTS,1,302006641,172,C#,89,10-06-2022
Run BTS,BTS,1,330881149,77,G#,82,10-06-2022
Music For a Sushi Restaurant,Harry Styles,1,334733572,107,B,72,20-05-2022
Matilda,Harry Styles,1,366214458,114,D,29,20-05-2022
For Youth,BTS,1,114546317,117,D,51,10-06-2022
Daylight,Harry Styles,1,290833204,146,,45,20-05-2022
Vegas (From the Original Motion Picture Soundtrack ELVIS),Doja Cat,1,448500832,160,G#,60,06-05-2022
Cash In Cash Out,"Pharrell Williams, Tyler, The Creator, 21 Savage",4,136676504,120,G,56,10-06-2022
Potion (with Dua Lipa & Young Thug),"Calvin Harris, Dua Lipa, Young Thug",3,190625045,100,B,70,27-05-2022
Born Singer,BTS,1,79095270,158,G#,84,10-06-2022
Little Freak,Harry Styles,1,273194684,142,D#,54,20-05-2022
La Llevo Al Cielo (Ft. ï¿½ï¿½engo F,"Nengo Flow, Anuel Aa, Chris Jedi, Chencho Corleone",4,333146475,170,A,85,20-05-2022
True Love,"Kanye West, XXXTENTACION",2,194902696,84,F,86,27-05-2022
Satellite,Harry Styles,1,311482393,139,,46,20-05-2022
Pass The Dutchie,Musical Youth,1,195918494,151,G,67,01-01-1982
"Villano Antillano: Bzrp Music Sessions, Vol. 51","Bizarrap, Villano Antillano",2,248511839,128,C#,75,08-06-2022
Love Of My Life,Harry Styles,1,233671263,118,G,54,20-05-2022
Grapejuice,Harry Styles,1,199587884,183,F,72,20-05-2022
So Good,Halsey,1,91781263,83,D#,62,09-06-2022
Belly Dancer,"BYOR, Imanbek",2,383835984,122,C#,80,18-02-2022
Keep Driving,Harry Styles,1,236060709,165,A,48,20-05-2022
Cinema,Harry Styles,1,189236868,106,A,64,20-05-2022
Die Young (feat. 347aidan),"Sleepy hallow, 347aidan",2,160845341,77,B,58,25-05-2022
Only Love Can Hurt Like This,Paloma Faith,1,588955257,91,G#,89,01-01-2014
Hold My Hand,Lady Gaga,1,238350348,148,G,63,03-05-2022
Daydreaming,Harry Styles,1,187703102,114,E,81,20-05-2022
Numb,"Marshmello, Khalid",2,295307001,120,,77,10-06-2022
Nos Comemos (feat. Ozuna),"Ozuna, Tiago pzk",2,138334433,92,F#,82,02-06-2022
Me and Your Mama,Childish Gambino,1,445590495,118,F,45,10-11-2016
Crazy What Love Can Do,"David Guetta, Ella Henderson, Becky Hill",3,286739476,123,E,71,18-03-2022
SLOW DANCING IN THE DARK,Joji,1,1122364376,89,D#,48,12-09-2018
Antes de Perderte,Duki,1,157136970,110,F,93,02-06-2022
Boyfriends,Harry Styles,1,137070925,118,,20,20-05-2022
295,Sidhu Moose Wala,1,183273246,90,B,76,15-05-2021
Tak Ingin Usai,Keisya Levronka,1,184807630,130,,40,13-05-2022
En El Radio Un Cochinero,Victor Cibrian,1,164856284,154,F#,62,13-05-2022
Master of Puppets (Remastered),Metallica,1,704171068,105,E,83,03-03-1986
BREAK MY SOUL,Beyoncï¿,1,354614964,115,C#,88,21-06-2022
ULTRA SOLO REMIX,"De La Ghetto, Feid, Polima WestCoast, Paloma Mami, Pailita",5,279717388,110,C#,82,16-06-2022
Massive,Drake,1,195628667,125,E,68,17-06-2022
Betty (Get Money),Yung Gravy,1,221752937,102,C#,75,10-06-2022
Ojos Marrones,Lasso,1,263280370,120,G#,65,06-02-2022
POP!,Nayeon,1,213505179,97,D,86,24-06-2022
Layla,"Schï¿½ï¿½rze, DJ R",2,130419412,140,F,92,24-03-2022
MORE,j-hope,1,155795783,97,D,72,01-07-2022
Sweet Child O' Mine,Guns N' Roses,1,1553497987,125,F#,90,01-01-1987
Last Last,Burna Boy,1,293466523,88,D#,56,12-05-2022
SNAP,Rosa Linn,1,711366595,170,,64,19-03-2022
Sticky,Drake,1,191448892,137,A#,49,17-06-2022
Hot Shit (feat. Ye & Lil Durk),"Kanye West, Lil Durk, Cardi B",3,85924992,157,A,69,01-07-2022
Ai Preto,"L7nnon, DJ Biel do Furduncinho, Bianca",3,176103902,130,F#,57,03-06-2022
La Loto,"Anitta, Tini, Becky G",3,121189256,90,C#,83,06-07-2022
die first,Nessa Barrett,1,131746175,183,G#,67,24-06-2022
Afraid To Feel,LF System,1,244790012,128,C#,91,02-05-2022
Baile no Morro,"Mc Vitin Da Igrejinha, MC Tairon, DJ Win",3,129314708,130,D#,40,10-06-2022
cï¿½ï¿½mo dormi,Rels B,1,331511413,126,C#,43,04-08-2022
Bad Decisions (with BTS & Snoop Dogg),"Snoop Dogg, BTS, Benny Blanco",3,219196651,120,,87,05-08-2022
STAYING ALIVE (feat. Drake & Lil Baby),"Drake, DJ Khaled, Lil Baby",3,170732845,130,E,46,05-08-2022
Caile,Luar La L,1,273914335,122,,76,18-12-2020
Si Te La Encuentras Por Ahï¿,Feid,1,179061440,172,G#,58,05-08-2022
GIVENCHY,Duki,1,185236961,103,G#,62,20-07-2022
ALIEN SUPERSTAR,Beyoncï¿,1,171788484,122,A#,64,29-07-2022
Mary On A Cross,Ghost,1,387080183,130,B,90,13-09-2019
Attention,NewJeans,1,264717480,105,A#,65,01-08-2022
THE SHADE,Rex Orange County,1,244928911,120,F,51,11-03-2022
"Come Back Home - From ""Purple Hearts""",Sofia Carson,1,97610446,145,G,53,12-07-2022
El Rescate,"Grupo Marca Registrada, Junior H",2,287278853,99,G,59,22-07-2022
Heartless,Kanye West,1,887906111,88,A#,65,01-01-2008
"Stay With Me (with Justin Timberlake, Halsey, & Pharrell)","Calvin Harris, Halsey, Pharrell Williams, Justin Timberlake",4,123473120,126,A,73,15-07-2022
Siempre Pendientes,"Peso Pluma, Luis R Conriquez",2,295152154,136,,75,15-08-2022
JGL,"Luis R Conriquez, La Adictiva",2,323455692,113,G#,59,18-02-2022
Don't You Worry,"David Guetta, Shakira, Black Eyed Peas",3,240918092,132,B,88,16-06-2022
Pipoco,"Melody, Ana Castela, Dj Chris No Beat",3,191873381,135,G#,74,20-05-2022
Hold Me Closer,"Elton John, Britney Spears",2,284216603,126,,77,10-11-2017
Forget Me,Lewis Capaldi,1,239411309,102,C#,74,09-09-2022
After LIKE,IVE,1,265548837,125,,92,22-08-2022
Bound 2,Kanye West,1,703301727,149,C#,66,01-01-2013
B.O.T.A. (Baddest Of Them All) - Edit,"Interplanetary Criminal, Eliza Rose",2,244585109,137,,89,15-06-2022
Talk that Talk,TWICE,1,189476119,120,D#,91,26-08-2022
BILLIE EILISH.,Armani White,1,277132266,100,C#,50,20-01-2022
Ferxxo 100,Feid,1,278920007,164,G#,57,03-06-2022
KU LO SA - A COLORS SHOW,Oxlade,1,222410722,93,A#,66,10-06-2022
Prohibidox,Feid,1,185392587,180,C#,80,13-09-2022
Static,Steve Lacy,1,202452860,79,C#,31,15-07-2022
The Scientist,Coldplay,1,1608164312,146,F,44,05-08-2002
Sparks,Coldplay,1,624101957,103,C#,27,10-07-2000
Talk,YEAT,1,148461629,140,E,76,02-09-2022
XQ Te Pones Asï¿,"Yandel, Feid",2,47093942,92,A#,70,13-09-2022
Selfish,PnB Rock,1,380319238,102,C#,60,23-06-2016
Sin Seï¿½ï,"Ovy On The Drums, Quevedo",2,209106362,118,B,85,22-07-2022
Lady Mi Amor,Feid,1,53987404,93,D,62,13-09-2022
Poland,Lil Yachty,1,115331792,150,F,56,23-06-2022
THE LONELIEST,Mï¿½ï¿½ne,1,225093344,130,D,60,07-10-2022
Bye Bye,"Marshmello, Juice WRLD",2,84697729,83,D#,53,14-10-2022
BABY OTAKU,"Fran C, Polima WestCoast, Nickoog Clk, Pablito Pesadilla",4,159240673,102,A,75,18-08-2022
Nxde,(G)I-DLE,1,170709584,136,E,91,17-10-2022
Miss You,Southstar,1,154356956,145,A,58,16-05-1982
we fell in love in october,girl in red,1,723043854,130,G,37,21-11-2018
2 Be Loved (Am I Ready),Lizzo,1,247689123,156,G,77,14-07-2022
Celestial,Ed Sheeran,1,176474912,123,D,85,29-09-2022
Typa Girl,BLACKPINK,1,235549288,132,G,62,16-09-2022
I Really Want to Stay at Your House,"Rosa Walton, Hallie Coggins",2,140430339,125,D#,74,18-12-2020
California Breeze,Lil Baby,1,85559365,162,F,67,14-10-2022
Bamba (feat. Aitch & BIA),"Luciano, Aitch, Bï¿½",3,146223492,138,A#,81,22-09-2022
Casei Com a Putaria,"MC Ryan SP, Love Funk, Mc Paiva ZS",3,187701588,161,A#,60,01-07-2022
Major Distribution,"Drake, 21 Savage",2,154863153,131,G#,55,04-11-2022
Pussy & Millions (feat. Travis Scott),"Drake, Travis Scott, 21 Savage",3,191333656,122,E,63,04-11-2022
Vigilante Shit,Taylor Swift,1,253650850,80,E,28,21-10-2022
Question...?,Taylor Swift,1,223064273,109,G,50,21-10-2022
On BS,"Drake, 21 Savage",2,170413877,158,A,36,04-11-2022
Mastermind,Taylor Swift,1,218320587,126,E,35,21-10-2022
Circo Loco,"Drake, 21 Savage",2,141720999,104,C#,61,04-11-2022
Labyrinth,Taylor Swift,1,187339835,110,,31,21-10-2022
Spin Bout U,"Drake, 21 Savage",2,198365537,130,G,70,04-11-2022
Sweet Nothing,Taylor Swift,1,186104310,177,,16,21-10-2022
"Would've, Could've, Should've",Taylor Swift,1,177503916,158,G,84,21-10-2022
Con La Brisa,"Ludwig Goransson, Foudeqush",2,71095708,114,D,44,04-11-2022
Privileged Rappers,"Drake, 21 Savage",2,112436403,144,F,61,04-11-2022
The Astronaut,Jin,1,203436468,125,F,76,28-10-2022
BackOutsideBoyz,Drake,1,93367537,142,F,43,04-11-2022
Broke Boys,"Drake, 21 Savage",2,106249219,120,D,53,04-11-2022
The Great War,Taylor Swift,1,181382590,96,F,74,21-10-2022
My Mind & Me,Selena Gomez,1,91473363,144,A,39,03-11-2022
Bigger Than The Whole Sky,Taylor Swift,1,121871870,166,F#,24,21-10-2022
A Veces (feat. Feid),"Feid, Paulo Londra",2,73513683,92,C#,67,03-11-2022
En La De Ella,"Feid, Sech, Jhayco",3,133895612,97,C#,77,20-10-2022
Alone,Burna Boy,1,96007391,90,E,67,04-11-2022
